{"cameraMode":{"drawMode":0,"name":"Shaded","section":"Shading Mode"},"sceneLighting":false,"audioPlay":false,"sceneViewState":{"showFog":true,"showMaterialUpdate":false,"showSkybox":false,"showFlares":false,"showImageEffects":true,"showParticleSystems":true},"in2DMode":false,"pivot":{"x":-0.1829535961151123,"y":-0.24383080005645753,"z":0.07781517505645752},"rotation":{"x":-0.07919209450483322,"y":-0.8987263441085815,"z":0.18200118839740754,"w":-0.3910330832004547},"size":4.274437427520752,"orthographic":false}