{"cameraMode":{"drawMode":0,"name":"Shaded","section":"Shading Mode"},"sceneLighting":false,"audioPlay":false,"sceneViewState":{"showFog":true,"showMaterialUpdate":false,"showSkybox":false,"showFlares":false,"showImageEffects":true,"showParticleSystems":true},"in2DMode":false,"pivot":{"x":33.43736267089844,"y":4.739999771118164,"z":11.852043151855469},"rotation":{"x":0.1470056027173996,"y":-0.06850354373455048,"z":0.010206765495240689,"w":0.9867101907730103},"size":1.2629069089889527,"orthographic":true}