{"cameraMode":{"drawMode":0,"name":"Shaded","section":"Shading Mode"},"sceneLighting":false,"audioPlay":false,"sceneViewState":{"showFog":true,"showMaterialUpdate":false,"showSkybox":false,"showFlares":false,"showImageEffects":true,"showParticleSystems":true},"in2DMode":false,"pivot":{"x":0.0,"y":0.4085128605365753,"z":-0.009905293583869934},"rotation":{"x":-0.2307114601135254,"y":0.003499086480587721,"z":-0.0008307381649501622,"w":-0.973020076751709},"size":0.5471184253692627,"orthographic":false}