{"cameraMode":{"drawMode":0,"name":"Shaded","section":"Shading Mode"},"sceneLighting":false,"audioPlay":false,"sceneViewState":{"showFog":true,"showMaterialUpdate":false,"showSkybox":false,"showFlares":false,"showImageEffects":true,"showParticleSystems":true},"in2DMode":false,"pivot":{"x":-2.3729171752929689,"y":-6.322167873382568,"z":3.811758041381836},"rotation":{"x":-0.09096081554889679,"y":-0.6224769949913025,"z":0.07316294312477112,"w":-0.7738874554634094},"size":3.812777042388916,"orthographic":true}