{"cameraMode":{"drawMode":0,"name":"Shaded","section":"Shading Mode"},"sceneLighting":false,"audioPlay":false,"sceneViewState":{"showFog":true,"showMaterialUpdate":false,"showSkybox":false,"showFlares":false,"showImageEffects":true,"showParticleSystems":true},"in2DMode":false,"pivot":{"x":5.6669921875,"y":3.87255859375,"z":-20.296142578125},"rotation":{"x":-0.24147406220436097,"y":-0.5606778860092163,"z":0.17528286576271058,"w":-0.7724053263664246},"size":1.1459797620773316,"orthographic":true}