{"cameraMode":{"drawMode":0,"name":"Shaded","section":"Shading Mode"},"sceneLighting":false,"audioPlay":false,"sceneViewState":{"showFog":true,"showMaterialUpdate":false,"showSkybox":true,"showFlares":true,"showImageEffects":true,"showParticleSystems":true},"in2DMode":false,"pivot":{"x":1.2021715641021729,"y":0.4229464530944824,"z":-4.130812644958496},"rotation":{"x":-0.004713851492851973,"y":0.9898724555969238,"z":-0.13778895139694215,"w":-0.03386567533016205},"size":7.533935546875,"orthographic":false}